Customer_ID,Customer_Name,Age,Gender,Phone,Email,Address,City,State,Pincode,Driving_License_No
CUST00001,Priya Warrior,57,Female,08665431519,tarak53@example.com,"H.No. 74, Choudhry Street, Sasaram 475456",Bokaro,Gujarat,307676,MJ09 9162327591
CUST00002,Vedhika Subramaniam,67,Male,+915693401952,chakradevrau@example.net,"H.No. 62, Buch Circle, Kakinada-811466",Loni,Chhattisgarh,981918,FY76 6761153378
CUST00003,Dev Sundaram,53,Male,03688930663,warjasnagi@example.net,"76/788, Manda Marg, Tiruppur 193581",Anand,Tripura,889331,NR50 5293554676
CUST00004,Lohit Gala,40,Male,3502512752,kdhawan@example.com,"66/00, Sagar Chowk, Bareilly 074248",Panchkula,Mizoram,496065,QH63 4412527539
CUST00005,Gaurangi Lall,55,Female,3646313533,grewaldevansh@example.org,"68/582, Saraf Ganj, Gwalior-044195",Sagar,Nagaland,446193,DL55 8664889502
CUST00006,Bhavya Dalal,47,Male,0589394654,jairaj05@example.org,"H.No. 50, Kara, Gangtok-926142",Amroha,Punjab,168591,BQ00 3916744772
CUST00007,Pranav Sekhon,33,Male,0229097516,dhriti04@example.net,"12/845, Bose Road, Arrah-422432",Aurangabad,Assam,893047,HU77 7451344714
CUST00008,Gaurav Ravi,52,Female,02432947854,nadkarnimeghana@example.org,"H.No. 85, Thaker Marg, Ludhiana 395682",Dehradun,Punjab,056207,HU96 3414153818
CUST00009,Samesh Saxena,51,Male,6706339001,charanchanda@example.com,"H.No. 957, Srinivasan Road, Amritsar-129095",Mira-Bhayandar,West Bengal,672581,HG52 3057961305
CUST00010,Meera Mane,67,Male,08875729211,viyengar@example.org,"H.No. 964, Iyer Circle, Gandhidham 683007",Mahbubnagar,Uttar Pradesh,032857,CL91 0384490459
CUST00011,Gaurav Ahuja,58,Female,7575284120,devanshramaswamy@example.net,"21/924, Vig Nagar, Ramagundam 272225",Rajpur Sonarpur,Nagaland,185878,TK91 8578673439
CUST00012,Anjali Sha,62,Female,+915812607941,vrishtilad@example.com,"H.No. 141, Chaudhuri Road, Bulandshahr-939860",Maheshtala,Rajasthan,017046,NA26 0197494868
CUST00013,Kai Saxena,45,Female,+915940877098,varenya99@example.net,"33/245, Shroff Chowk, Guntur 153575",Ahmednagar,Telangana,097334,EL54 8483612764
CUST00014,Naveen Ghose,58,Male,4747594146,rtara@example.net,"H.No. 53, Natt Circle, Sagar 678785",Rajahmundry,Chhattisgarh,785661,UF75 2324810557
CUST00015,Xavier Saxena,60,Female,+916513978454,zrajagopal@example.com,"55/581, Sawhney Ganj, Udaipur 948575",Bhavnagar,Bihar,548645,PP90 3108677512
CUST00016,Raghav Sridhar,61,Male,04496967243,xkumer@example.net,"19, Deshpande Path, Patna 151107",Khandwa,Tamil Nadu,613440,ML83 4237114392
CUST00017,Lakshmi Zacharia,60,Male,05828024570,yashicavasa@example.com,"34/57, Sehgal Road, Rampur-298497",Jamnagar,Goa,358418,NU51 5559788736
CUST00018,Jacob Sant,66,Female,+915359269409,surchameli@example.net,"H.No. 79, Narayanan Chowk, Rajahmundry-537442",Thiruvananthapuram,Maharashtra,180587,AC92 2821318845
CUST00019,Ojas Gandhi,21,Male,+911238880466,sameshmital@example.net,"28/86, Ramesh Nagar, Jalgaon 919385",Nanded,Odisha,861361,GT47 2860219048
CUST00020,Finn Keer,33,Female,+918471730043,shettygarima@example.net,"53/107, Aggarwal Marg, Sasaram 815095",Jorhat,Tamil Nadu,926832,LX81 4121189246
CUST00021,Aadhya Tripathi,52,Female,+917262838975,hiteshborah@example.org,"55/98, Upadhyay Street, Bathinda 487301",Maheshtala,Karnataka,675083,RR61 8030681660
CUST00022,Pratyush Mandal,66,Female,+916983295466,ckala@example.org,"H.No. 64, Vyas Circle, Kolkata 503795",Amritsar,Tamil Nadu,673555,PT39 4780179294
CUST00023,Lavanya Konda,42,Male,9731208760,iryapatel@example.com,"12, Natt Zila, Davanagere 139741",Saharsa,Sikkim,735900,RW40 5706112344
CUST00024,Ijaya Panchal,30,Female,+911807300840,nimratshenoy@example.net,"91/116, Din Circle, Patna 299745",Eluru,Punjab,137697,PP03 7379122054
CUST00025,Zarna Pradhan,50,Male,07015065330,wbuch@example.com,"H.No. 121, Saxena Ganj, Aligarh-798538",Bathinda,Meghalaya,408677,QP66 9636957559
CUST00026,Tristan Guha,52,Female,0490360129,urvashi67@example.net,"095, Reddy Nagar, Bidhannagar 355022",Shahjahanpur,Andhra Pradesh,892110,BA24 4975378545
CUST00027,Lucky Hans,47,Female,05753470816,balwyatt@example.com,"78, Sane Nagar, Sangli-Miraj & Kupwad 216395",Bhusawal,Chhattisgarh,077758,BO50 8409249326
CUST00028,Vaishnavi Thaker,61,Male,+911488890578,tanaygopal@example.net,"H.No. 959, Sant Path, Bettiah-681758",Gandhinagar,Punjab,709046,PP01 3806950548
CUST00029,Ayaan Gala,22,Male,3329366731,rohan13@example.org,"738, Sur Zila, Salem 560575",Bikaner,Telangana,654446,XQ42 8219263058
CUST00030,Ishanvi Chopra,52,Male,5279929000,advaith93@example.net,"08, Bhalla Nagar, Pali 239486",Kamarhati,Odisha,766023,GJ93 3072026787
CUST00031,Elijah Dhaliwal,41,Female,+910372376419,narulabina@example.net,"H.No. 182, Setty Street, Bokaro 820170",Vadodara,Assam,325395,CD34 0018968208
CUST00032,Balhaar Keer,50,Female,+914524641210,harshchoudhury@example.com,"69/47, Kota Chowk, Nadiad 009180",Pimpri-Chinchwad,Rajasthan,078616,TO76 2090726593
CUST00033,Ekiya Sura,38,Male,+910311973137,shankerrehaan@example.net,"23/189, Prasad, Malegaon 916757",Bongaigaon,Assam,255546,IN32 4701321071
CUST00034,Ekapad Varty,56,Male,0223280016,isami@example.org,"566, De Street, Suryapet 460442",Akola,Manipur,621574,UO50 1967855817
CUST00035,Hemal Srinivasan,61,Male,+917703699786,amishra@example.net,"745, Palla Ganj, Loni-391759",Madanapalle,Andhra Pradesh,746523,QS88 8556287223
CUST00036,Lakshit Raj,28,Female,5778267077,benjamin85@example.com,"032, Gaba Nagar, Raiganj 687392",Nagaon,Meghalaya,942218,DG93 7435771368
CUST00037,Deepa Sanghvi,29,Female,9828416027,zsha@example.com,"60, Chaudry Marg, Yamunanagar-244757",Bulandshahr,Goa,310486,RE72 9795234224
CUST00038,Vansha Walia,70,Female,+919104489867,bsabharwal@example.org,"H.No. 399, Rao Chowk, Siliguri 642429",Tirunelveli,Karnataka,170640,QM29 4445311018
CUST00039,Hemang Das,44,Female,+915095799869,abeer22@example.org,"98/36, Bhattacharyya Street, Ramagundam 874158",Coimbatore,Madhya Pradesh,838611,AX62 8029728917
CUST00040,Jagat Babu,61,Female,4546182807,auroraharinakshi@example.com,"H.No. 88, Garg Chowk, Danapur-918515",Vasai-Virar,Madhya Pradesh,377390,GY12 8568023783
CUST00041,Zansi Dhaliwal,68,Male,+915899053626,regebahadurjit@example.com,"85/876, Halder Circle, Jalandhar 749969",Vijayawada,West Bengal,276323,LA36 9252459210
CUST00042,Chasmum Sidhu,31,Female,+916557274817,dadadaksh@example.org,"64, Balan Marg, Howrah-478633",Berhampore,Jharkhand,757608,MU74 8473486876
CUST00043,Gopal Kakar,24,Male,9192124387,dayamaiben@example.org,"21, Contractor Marg, Ambarnath 815603",Guna,Nagaland,775957,KB36 1977431649
CUST00044,Kai Rege,43,Female,+918779888685,dmody@example.net,"88/035, Bhandari Ganj, Kozhikode 663993",Saharsa,Karnataka,068758,KU35 8754115797
CUST00045,Wahab Dugar,37,Female,4684364694,bpillai@example.com,"648, Krishnan, Jehanabad-310109",Jalandhar,Jharkhand,433051,KW81 9542897574
CUST00046,George Khare,51,Female,5281510236,bwalia@example.net,"H.No. 17, Mittal Nagar, Amravati 406447",Aurangabad,Bihar,049360,BM25 1079108857
CUST00047,Forum Sahota,60,Female,2563282388,inayak@example.net,"753, Kumer Nagar, Rajpur Sonarpur-319592",Miryalaguda,Jharkhand,024771,VI35 6786597080
CUST00048,Arjun Subramaniam,53,Male,+919625797125,gkuruvilla@example.org,"78/78, Sunder Zila, Allahabad-110905",Loni,Bihar,006588,SD99 2409800949
CUST00049,Rachit Agate,49,Female,08943863772,sandalpranit@example.org,"095, Garg Path, Rewa 884520",Eluru,Maharashtra,009581,NE30 5804381168
CUST00050,Amara Walia,45,Female,00828487743,gautami14@example.com,"21/022, Nayak Marg, Kota 888720",South Dumdum,Sikkim,627397,PS03 6671590776
CUST00051,Aadhya Kari,22,Female,9745020086,bhagatqushi@example.com,"50/61, Hans Marg, Bahraich-296574",Nandyal,Telangana,870853,QE28 9968294199
CUST00052,Anya Buch,61,Female,+918313636190,keya38@example.net,"H.No. 68, Sama Path, Hubli–Dharwad 970345",Danapur,Mizoram,854361,UR92 2014041708
CUST00053,Jason Divan,39,Female,07634976207,sanayabanik@example.org,"H.No. 12, Dhar Circle, Pimpri-Chinchwad-125938",Suryapet,Bihar,289784,EO28 2453341875
CUST00054,Shaurya Setty,29,Female,4043421400,narayanjack@example.net,"76/34, Jayaraman Chowk, Sonipat-736416",Tinsukia,Madhya Pradesh,857745,EX69 4877486839
CUST00055,Chanchal Deep,46,Female,03978923484,ojasvi21@example.com,"389, Ratta, Bally-455051",Hubli–Dharwad,Maharashtra,348434,FP13 9799792387
CUST00056,Fariq Bhatia,57,Female,6762019040,radha84@example.org,"38/675, Halder Ganj, Ujjain 583163",Ahmedabad,Haryana,185187,TQ13 7170517030
CUST00057,Chavvi Shah,67,Male,2286172329,indali94@example.org,"368, Khosla Chowk, Kolhapur-265742",Bilaspur,Jharkhand,530827,BJ94 5616159210
CUST00058,Oni Sani,29,Male,07962132850,ishwarbassi@example.org,"086, Raval Marg, Guwahati 724946",Bally,Tripura,612296,MS26 0915299574
CUST00059,Atharv Palla,50,Female,05508221080,raghav37@example.org,"79, Hari Nagar, Phagwara 626633",Agartala,Nagaland,977240,DL94 3210284937
CUST00060,Veda Varty,23,Male,1621197160,amolsule@example.net,"38/804, Bhardwaj Zila, Secunderabad 953066",Thane,Tripura,031054,RL69 2497054207
CUST00061,Rushil Prabhu,39,Male,06722452042,sureshshaurya@example.com,"84, Datta Road, Tumkur-107416",Amroha,Telangana,176660,QI82 0874722313
CUST00062,Abhimanyu Bahl,33,Female,08003566612,nachiket75@example.com,"H.No. 040, Manne, Belgaum 350436",Ballia,Jharkhand,548117,FO09 5937921131
CUST00063,Warda Mukherjee,21,Male,+915808508876,sahafalguni@example.org,"26, Ramachandran Marg, Begusarai 795302",Ichalkaranji,Goa,535882,SP02 8496793718
CUST00064,Harita Borde,21,Female,+911447748565,minhassudiksha@example.net,"11/35, Hora Road, Siliguri 691623",Ichalkaranji,Arunachal Pradesh,944948,OX26 4957943501
CUST00065,Aarav Deep,47,Male,6353085725,sankarjanani@example.net,"91/608, Badami Road, Bihar Sharif 545930",Panvel,Madhya Pradesh,303621,EL10 4405723938
CUST00066,Lakshmi Anne,45,Female,02605650726,varghesejasmit@example.com,"10/23, Nayar Road, Gopalpur-561521",Delhi,Manipur,037175,SJ44 1258528445
CUST00067,Sanaya Saha,37,Male,+910306843888,lsubramaniam@example.org,"98, Om, Kadapa-892414",Karnal,Sikkim,884438,LK90 6260430435
CUST00068,Maya Bhatnagar,48,Male,+912726826657,riya96@example.net,"46, Nadkarni Path, Sangli-Miraj & Kupwad 005307",Bokaro,Punjab,890354,ME34 5751946005
CUST00069,Mitesh Krishnan,70,Male,+911476390544,dixitsaanvi@example.com,"71/36, Bajaj Zila, Bijapur-367154",Maheshtala,Sikkim,010395,YF95 1260082999
CUST00070,Garima Ganesan,43,Female,+912875008776,vrinda36@example.net,"H.No. 724, Cherian, Kalyan-Dombivli-712200",Surat,Arunachal Pradesh,863946,LP30 8369268885
CUST00071,Inaya Krishna,40,Male,+918986572796,noah96@example.com,"H.No. 799, D’Alia Chowk, Ludhiana 490953",Junagadh,Chhattisgarh,793132,NS82 7916860350
CUST00072,Jagvi Pandit,60,Male,4392930694,raybahadurjit@example.com,"150, Ravi Street, Amaravati-300589",Bhiwani,Chhattisgarh,557252,YZ15 2407670189
CUST00073,Ira Khanna,48,Female,09886539933,ksur@example.com,"H.No. 87, Aurora Zila, Rourkela-672930",Purnia,Kerala,541569,LU79 0372673527
CUST00074,Rohan Murthy,42,Male,07247621103,nishaahluwalia@example.org,"19/72, Dube Nagar, Warangal-580956",Malda,Gujarat,947582,QY19 7176454788
CUST00075,Hemangini Mani,50,Female,+910466810842,samar61@example.net,"H.No. 498, Deo Street, Ulhasnagar-263887",Jamnagar,Arunachal Pradesh,940006,QL11 9425412207
CUST00076,Nihal Behl,37,Male,6695169185,gopalhredhaan@example.net,"173, Balasubramanian Nagar, Morena 920731",Tiruvottiyur,Nagaland,773046,AS30 9251959815
CUST00077,Balveer Bava,36,Female,2226637540,arunima02@example.org,"H.No. 733, Keer Ganj, Bhilwara 440628",Khandwa,Gujarat,159297,ZJ89 1632767456
CUST00078,Ria Bhatnagar,36,Female,07252824682,rajagopalanjack@example.net,"97/16, Solanki Circle, Patna-895743",Haridwar,Madhya Pradesh,656064,SC44 0544687745
CUST00079,Nikita Nazareth,48,Female,0062674186,oliver94@example.org,"H.No. 898, Din Marg, Rampur-888805",Mira-Bhayandar,Gujarat,087222,LS68 4184585449
CUST00080,Ryan Manne,59,Male,8524092934,upasna68@example.net,"H.No. 27, Dani Nagar, Ghaziabad-862506",Akola,Nagaland,251574,IL27 6565983892
CUST00081,Eesha Sachdeva,41,Male,9876732386,jacobdora@example.org,"H.No. 90, Shroff Chowk, Nangloi Jat 839468",Ghaziabad,Andhra Pradesh,627674,SF69 3640176163
CUST00082,Warda Rai,53,Female,08773293341,wriddhish15@example.org,"H.No. 57, Wali Marg, Morbi 390425",Nellore,Haryana,391002,GE13 8626714895
CUST00083,Advika Walla,43,Male,+918100147272,bina93@example.net,"556, Johal Marg, Bharatpur 941250",Dibrugarh,Gujarat,491579,LT53 5298596882
CUST00084,Indrajit Ramanathan,32,Female,5774648378,sbhasin@example.com,"24/543, Parekh, Udaipur 228310",Khora ,Nagaland,429930,HU14 3185268447
CUST00085,Arin Sandhu,34,Female,05446926300,miteshjha@example.net,"50/69, Kulkarni Chowk, New Delhi 854526",Ahmednagar,Haryana,043148,UU70 0107254973
CUST00086,Yagnesh Dar,41,Female,7008622760,jgulati@example.net,"27/23, Hayre Path, Faridabad-527675",Hubli–Dharwad,Meghalaya,395281,NM08 9956654041
CUST00087,Wakeeta Hans,40,Female,+918875783605,ibal@example.net,"H.No. 50, Sachdev Circle, Raichur 044681",Sirsa,Rajasthan,420340,UY32 2332085991
CUST00088,Ekavir Chakrabarti,48,Female,4706324858,kgopal@example.net,"68/599, Chandran Marg, Bhilwara 577233",Chinsurah,Manipur,066226,UM80 7975773963
CUST00089,Rudra Borde,32,Male,+916680493209,jeet40@example.com,"59/24, Dhillon Nagar, Khandwa 440467",Pallavaram,Kerala,470439,ZG13 9822268402
CUST00090,Forum Pandya,65,Female,07661276091,chanchalsinha@example.org,"03, Parmar Nagar, Gangtok-041406",Guntur,Mizoram,842650,WA70 8231814022
CUST00091,Vrishti Bassi,36,Female,0102401654,aggarwalgunbir@example.net,"H.No. 08, Chander Path, Udupi 636545",Kolhapur,Haryana,679274,DA36 8429376925
CUST00092,Darsh Sodhi,46,Male,+911181107864,gsaran@example.com,"14/676, Karnik Path, Anantapuram 515358",Patna,Telangana,174717,DZ91 6098138001
CUST00093,Oliver Gopal,40,Female,02498392328,isaiahthaman@example.com,"H.No. 33, Solanki, Kalyan-Dombivli 619737",Satna,Assam,534827,JA49 8799291388
CUST00094,Radha Lala,57,Male,0025417192,matthew78@example.com,"31/98, Bora Zila, Bareilly 270258",Jalna,Jharkhand,729266,BR24 5389440480
CUST00095,Chaman Bahri,33,Male,00194600667,puriavi@example.net,"H.No. 38, Korpal Chowk, Sikar 170472",Bhimavaram,Madhya Pradesh,793296,WI12 6704218652
CUST00096,Farhan Ramesh,38,Female,6179063000,nvarughese@example.org,"86/29, Singh Chowk, Bhagalpur 982099",Thoothukudi,Telangana,155523,QM38 3874775636
CUST00097,Wazir Ganesh,51,Male,02394859084,bkunda@example.org,"74/565, Chaudhari Ganj, Pali 465829",Nagercoil,Sikkim,934658,OM01 0821041316
CUST00098,Vaishnavi Murty,52,Male,8820952127,vsharma@example.com,"240, Thaman Circle, Khora -868325",Medininagar,Jharkhand,134960,EV88 0060217211
CUST00099,Hemal Mital,33,Male,01425162194,bchanda@example.com,"34/912, Zacharia Marg, Srikakulam 613895",Meerut,Gujarat,719001,VF08 3690358012
CUST00100,Hredhaan Kapadia,61,Female,4711732178,borrabrinda@example.org,"H.No. 067, Morar Marg, Parbhani-059428",Guna,Maharashtra,458353,GS72 6782178485
